{"cameraMode":{"drawMode":0,"name":"Shaded","section":"Shading Mode"},"sceneLighting":true,"audioPlay":false,"sceneViewState":{"m_AlwaysRefresh":false,"showFog":true,"showSkybox":true,"showFlares":true,"showImageEffects":true,"showParticleSystems":true,"showVisualEffectGraphs":true,"m_FxEnabled":true},"in2DMode":false,"pivot":{"x":85.45817565917969,"y":24.170164108276368,"z":36.43754577636719},"rotation":{"x":0.007489499170333147,"y":0.3948787450790405,"z":0.0030994971748441459,"w":-0.9187864065170288},"size":0.11957088857889176,"orthographic":false}