{"cameraMode":{"drawMode":0,"name":"Shaded","section":"Shading Mode"},"sceneLighting":true,"audioPlay":false,"sceneViewState":{"m_AlwaysRefresh":false,"showFog":true,"showSkybox":true,"showFlares":true,"showImageEffects":true,"showParticleSystems":true,"showVisualEffectGraphs":true,"m_FxEnabled":true},"in2DMode":false,"pivot":{"x":77.93331909179688,"y":21.947412490844728,"z":42.747684478759769},"rotation":{"x":0.1101674884557724,"y":-0.19107761979103089,"z":0.021587669849395753,"w":0.9751330614089966},"size":3.858790874481201,"orthographic":false}