{"cameraMode":{"drawMode":0,"name":"Shaded","section":"Shading Mode"},"sceneLighting":true,"audioPlay":false,"sceneViewState":{"m_AlwaysRefresh":false,"showFog":true,"showSkybox":true,"showFlares":true,"showImageEffects":true,"showParticleSystems":true,"showVisualEffectGraphs":true,"m_FxEnabled":true},"in2DMode":false,"pivot":{"x":88.84288787841797,"y":25.260652542114259,"z":33.81161880493164},"rotation":{"x":-0.057035814970731738,"y":0.5189265608787537,"z":-0.03487183526158333,"w":-0.852296769618988},"size":0.11957088857889176,"orthographic":false}