{"cameraMode":{"drawMode":0,"name":"Shaded","section":"Shading Mode"},"sceneLighting":false,"audioPlay":false,"sceneViewState":{"m_AlwaysRefresh":false,"showFog":false,"showSkybox":false,"showFlares":false,"showImageEffects":false,"showParticleSystems":false,"showVisualEffectGraphs":true,"m_FxEnabled":true},"in2DMode":false,"pivot":{"x":3.169074535369873,"y":0.9884697198867798,"z":-3.8410894870758058},"rotation":{"x":0.05329271778464317,"y":0.9068173170089722,"z":-0.12068838626146317,"w":0.40040138363838198},"size":3.3380508422851564,"orthographic":false}