{"cameraMode":{"drawMode":0,"name":"Shaded","section":"Shading Mode"},"sceneLighting":false,"audioPlay":false,"sceneViewState":{"m_AlwaysRefresh":false,"showFog":false,"showSkybox":false,"showFlares":false,"showImageEffects":false,"showParticleSystems":false,"showVisualEffectGraphs":true,"m_FxEnabled":true},"in2DMode":false,"pivot":{"x":-0.6205412149429321,"y":1.2281906604766846,"z":0.9291226863861084},"rotation":{"x":0.026305653154850007,"y":-0.9724315404891968,"z":0.18691466748714448,"w":0.136837899684906},"size":1.8705140352249146,"orthographic":false}