{"cameraMode":{"drawMode":0,"name":"Shaded","section":"Shading Mode"},"sceneLighting":false,"audioPlay":false,"sceneViewState":{"m_AlwaysRefresh":false,"showFog":true,"showSkybox":false,"showFlares":true,"showImageEffects":true,"showParticleSystems":true,"showVisualEffectGraphs":true,"m_FxEnabled":true},"in2DMode":false,"pivot":{"x":2.441272258758545,"y":1.3407045602798463,"z":-1.7928850650787354},"rotation":{"x":0.18027937412261964,"y":-0.4418056607246399,"z":0.09112490713596344,"w":0.8740819096565247},"size":0.09071847796440125,"orthographic":true}